{
	"info": {
		"_postman_id": "3a8f3c1e-6bba-4e93-9a36-2c8c8a6d5e1f",
		"name": "BookMark App API",
		"description": "A collection of requests for the BookMark App API",
		"schema": "https://schema.getpostman.com/json/collection/v2.1.0/collection.json"
	},
	"item": [
		{
			"name": "Authentication",
			"item": [
				{
					"name": "Register User",
					"request": {
						"method": "POST",
						"header": [
							{
								"key": "Content-Type",
								"value": "application/json"
							}
						],
						"body": {
							"mode": "raw",
							"raw": "{\n    \"email\": \"user@example.com\",\n    \"password\": \"password123\",\n    \"firstName\": \"John\",\n    \"lastName\": \"Doe\"\n}"
						},
						"url": {
							"raw": "{{baseUrl}}/api/auth/register",
							"host": [
								"{{baseUrl}}"
							],
							"path": [
								"api",
								"auth",
								"register"
							]
						},
						"description": "Register a new user account"
					},
					"response": []
				},
				{
					"name": "Login User",
					"request": {
						"method": "POST",
						"header": [
							{
								"key": "Content-Type",
								"value": "application/json"
							}
						],
						"body": {
							"mode": "raw",
							"raw": "{\n    \"email\": \"user@example.com\",\n    \"password\": \"password123\"\n}"
						},
						"url": {
							"raw": "{{baseUrl}}/api/auth/login",
							"host": [
								"{{baseUrl}}"
							],
							"path": [
								"api",
								"auth",
								"login"
							]
						},
						"description": "Login an existing user to get JWT token"
					},
					"response": []
				},
				{
					"name": "Get Current User",
					"request": {
						"method": "GET",
						"header": [
							{
								"key": "Authorization",
								"value": "Bearer {{token}}"
							}
						],
						"url": {
							"raw": "{{baseUrl}}/api/auth/me",
							"host": [
								"{{baseUrl}}"
							],
							"path": [
								"api",
								"auth",
								"me"
							]
						},
						"description": "Get the currently logged in user's details"
					},
					"response": []
				}
			],
			"description": "Authentication related endpoints"
		},
		{
			"name": "Bookmarks",
			"item": [
				{
					"name": "Get All Bookmarks",
					"request": {
						"method": "GET",
						"header": [
							{
								"key": "Authorization",
								"value": "Bearer {{token}}"
							}
						],
						"url": {
							"raw": "{{baseUrl}}/api/bookmarks?page=1&limit=10",
							"host": [
								"{{baseUrl}}"
							],
							"path": [
								"api",
								"bookmarks"
							],
							"query": [
								{
									"key": "page",
									"value": "1"
								},
								{
									"key": "limit",
									"value": "10"
								},
								{
									"key": "search",
									"value": "example",
									"disabled": true
								},
								{
									"key": "favorite",
									"value": "true",
									"disabled": true
								},
								{
									"key": "collectionId",
									"value": "1",
									"disabled": true
								},
								{
									"key": "tagId",
									"value": "1",
									"disabled": true
								}
							]
						},
						"description": "Get all bookmarks for the current user with pagination and optional filtering"
					},
					"response": []
				},
				{
					"name": "Create Bookmark",
					"request": {
						"method": "POST",
						"header": [
							{
								"key": "Content-Type",
								"value": "application/json"
							},
							{
								"key": "Authorization",
								"value": "Bearer {{token}}"
							}
						],
						"body": {
							"mode": "raw",
							"raw": "{\n    \"url\": \"https://example.com\",\n    \"title\": \"Example Website\",\n    \"description\": \"An example website for demonstration\",\n    \"favicon\": \"https://example.com/favicon.ico\",\n    \"notes\": \"My personal notes about this bookmark\",\n    \"isFavorite\": false,\n    \"tags\": [\"example\", \"demo\"],\n    \"collectionIds\": []\n}"
						},
						"url": {
							"raw": "{{baseUrl}}/api/bookmarks",
							"host": [
								"{{baseUrl}}"
							],
							"path": [
								"api",
								"bookmarks"
							]
						},
						"description": "Create a new bookmark"
					},
					"response": []
				},
				{
					"name": "Get Bookmark By ID",
					"request": {
						"method": "GET",
						"header": [
							{
								"key": "Authorization",
								"value": "Bearer {{token}}"
							}
						],
						"url": {
							"raw": "{{baseUrl}}/api/bookmarks/1",
							"host": [
								"{{baseUrl}}"
							],
							"path": [
								"api",
								"bookmarks",
								"1"
							]
						},
						"description": "Get a specific bookmark by ID"
					},
					"response": []
				},
				{
					"name": "Update Bookmark",
					"request": {
						"method": "PUT",
						"header": [
							{
								"key": "Content-Type",
								"value": "application/json"
							},
							{
								"key": "Authorization",
								"value": "Bearer {{token}}"
							}
						],
						"body": {
							"mode": "raw",
							"raw": "{\n    \"title\": \"Updated Example Website\",\n    \"description\": \"Updated description\",\n    \"isFavorite\": true\n}"
						},
						"url": {
							"raw": "{{baseUrl}}/api/bookmarks/1",
							"host": [
								"{{baseUrl}}"
							],
							"path": [
								"api",
								"bookmarks",
								"1"
							]
						},
						"description": "Update an existing bookmark"
					},
					"response": []
				},
				{
					"name": "Delete Bookmark",
					"request": {
						"method": "DELETE",
						"header": [
							{
								"key": "Authorization",
								"value": "Bearer {{token}}"
							}
						],
						"url": {
							"raw": "{{baseUrl}}/api/bookmarks/1",
							"host": [
								"{{baseUrl}}"
							],
							"path": [
								"api",
								"bookmarks",
								"1"
							]
						},
						"description": "Delete a bookmark"
					},
					"response": []
				}
			],
			"description": "Bookmark management endpoints"
		},
		{
			"name": "Collections",
			"item": [
				{
					"name": "Get All Collections",
					"request": {
						"method": "GET",
						"header": [
							{
								"key": "Authorization",
								"value": "Bearer {{token}}"
							}
						],
						"url": {
							"raw": "{{baseUrl}}/api/collections",
							"host": [
								"{{baseUrl}}"
							],
							"path": [
								"api",
								"collections"
							]
						},
						"description": "Get all collections for the current user"
					},
					"response": []
				},
				{
					"name": "Create Collection",
					"request": {
						"method": "POST",
						"header": [
							{
								"key": "Content-Type",
								"value": "application/json"
							},
							{
								"key": "Authorization",
								"value": "Bearer {{token}}"
							}
						],
						"body": {
							"mode": "raw",
							"raw": "{\n    \"name\": \"Work Bookmarks\",\n    \"description\": \"Collection of work-related bookmarks\",\n    \"color\": \"#ff5722\",\n    \"icon\": \"work\",\n    \"isPublic\": false,\n    \"parentId\": null\n}"
						},
						"url": {
							"raw": "{{baseUrl}}/api/collections",
							"host": [
								"{{baseUrl}}"
							],
							"path": [
								"api",
								"collections"
							]
						},
						"description": "Create a new collection"
					},
					"response": []
				},
				{
					"name": "Get Collection By ID",
					"request": {
						"method": "GET",
						"header": [
							{
								"key": "Authorization",
								"value": "Bearer {{token}}"
							}
						],
						"url": {
							"raw": "{{baseUrl}}/api/collections/1",
							"host": [
								"{{baseUrl}}"
							],
							"path": [
								"api",
								"collections",
								"1"
							]
						},
						"description": "Get a specific collection by ID with its bookmarks"
					},
					"response": []
				},
				{
					"name": "Update Collection",
					"request": {
						"method": "PUT",
						"header": [
							{
								"key": "Content-Type",
								"value": "application/json"
							},
							{
								"key": "Authorization",
								"value": "Bearer {{token}}"
							}
						],
						"body": {
							"mode": "raw",
							"raw": "{\n    \"name\": \"Updated Work Bookmarks\",\n    \"color\": \"#2196f3\"\n}"
						},
						"url": {
							"raw": "{{baseUrl}}/api/collections/1",
							"host": [
								"{{baseUrl}}"
							],
							"path": [
								"api",
								"collections",
								"1"
							]
						},
						"description": "Update an existing collection"
					},
					"response": []
				},
				{
					"name": "Delete Collection",
					"request": {
						"method": "DELETE",
						"header": [
							{
								"key": "Authorization",
								"value": "Bearer {{token}}"
							}
						],
						"url": {
							"raw": "{{baseUrl}}/api/collections/1",
							"host": [
								"{{baseUrl}}"
							],
							"path": [
								"api",
								"collections",
								"1"
							]
						},
						"description": "Delete a collection"
					},
					"response": []
				},
				{
					"name": "Add Bookmark To Collection",
					"request": {
						"method": "POST",
						"header": [
							{
								"key": "Content-Type",
								"value": "application/json"
							},
							{
								"key": "Authorization",
								"value": "Bearer {{token}}"
							}
						],
						"body": {
							"mode": "raw",
							"raw": "{\n    \"bookmarkId\": 1\n}"
						},
						"url": {
							"raw": "{{baseUrl}}/api/collections/1/bookmarks",
							"host": [
								"{{baseUrl}}"
							],
							"path": [
								"api",
								"collections",
								"1",
								"bookmarks"
							]
						},
						"description": "Add a bookmark to a collection"
					},
					"response": []
				},
				{
					"name": "Remove Bookmark From Collection",
					"request": {
						"method": "DELETE",
						"header": [
							{
								"key": "Authorization",
								"value": "Bearer {{token}}"
							}
						],
						"url": {
							"raw": "{{baseUrl}}/api/collections/1/bookmarks/1",
							"host": [
								"{{baseUrl}}"
							],
							"path": [
								"api",
								"collections",
								"1",
								"bookmarks",
								"1"
							]
						},
						"description": "Remove a bookmark from a collection"
					},
					"response": []
				}
			],
			"description": "Collection management endpoints"
		},
		{
			"name": "Tags",
			"item": [
				{
					"name": "Get All Tags",
					"request": {
						"method": "GET",
						"header": [
							{
								"key": "Authorization",
								"value": "Bearer {{token}}"
							}
						],
						"url": {
							"raw": "{{baseUrl}}/api/tags",
							"host": [
								"{{baseUrl}}"
							],
							"path": [
								"api",
								"tags"
							]
						},
						"description": "Get all tags for the current user"
					},
					"response": []
				},
				{
					"name": "Create Tag",
					"request": {
						"method": "POST",
						"header": [
							{
								"key": "Content-Type",
								"value": "application/json"
							},
							{
								"key": "Authorization",
								"value": "Bearer {{token}}"
							}
						],
						"body": {
							"mode": "raw",
							"raw": "{\n    \"name\": \"programming\"\n}"
						},
						"url": {
							"raw": "{{baseUrl}}/api/tags",
							"host": [
								"{{baseUrl}}"
							],
							"path": [
								"api",
								"tags"
							]
						},
						"description": "Create a new tag"
					},
					"response": []
				},
				{
					"name": "Update Tag",
					"request": {
						"method": "PUT",
						"header": [
							{
								"key": "Content-Type",
								"value": "application/json"
							},
							{
								"key": "Authorization",
								"value": "Bearer {{token}}"
							}
						],
						"body": {
							"mode": "raw",
							"raw": "{\n    \"name\": \"development\"\n}"
						},
						"url": {
							"raw": "{{baseUrl}}/api/tags/1",
							"host": [
								"{{baseUrl}}"
							],
							"path": [
								"api",
								"tags",
								"1"
							]
						},
						"description": "Update an existing tag"
					},
					"response": []
				},
				{
					"name": "Delete Tag",
					"request": {
						"method": "DELETE",
						"header": [
							{
								"key": "Authorization",
								"value": "Bearer {{token}}"
							}
						],
						"url": {
							"raw": "{{baseUrl}}/api/tags/1",
							"host": [
								"{{baseUrl}}"
							],
							"path": [
								"api",
								"tags",
								"1"
							]
						},
						"description": "Delete a tag"
					},
					"response": []
				},
				{
					"name": "Get Bookmarks By Tag",
					"request": {
						"method": "GET",
						"header": [
							{
								"key": "Authorization",
								"value": "Bearer {{token}}"
							}
						],
						"url": {
							"raw": "{{baseUrl}}/api/tags/1/bookmarks",
							"host": [
								"{{baseUrl}}"
							],
							"path": [
								"api",
								"tags",
								"1",
								"bookmarks"
							]
						},
						"description": "Get all bookmarks with a specific tag"
					},
					"response": []
				},
				{
					"name": "Add Tag To Bookmark",
					"request": {
						"method": "POST",
						"header": [
							{
								"key": "Content-Type",
								"value": "application/json"
							},
							{
								"key": "Authorization",
								"value": "Bearer {{token}}"
							}
						],
						"body": {
							"mode": "raw",
							"raw": "{\n    \"bookmarkId\": 1\n}"
						},
						"url": {
							"raw": "{{baseUrl}}/api/tags/1/bookmarks",
							"host": [
								"{{baseUrl}}"
							],
							"path": [
								"api",
								"tags",
								"1",
								"bookmarks"
							]
						},
						"description": "Add a tag to a bookmark"
					},
					"response": []
				},
				{
					"name": "Remove Tag From Bookmark",
					"request": {
						"method": "DELETE",
						"header": [
							{
								"key": "Authorization",
								"value": "Bearer {{token}}"
							}
						],
						"url": {
							"raw": "{{baseUrl}}/api/tags/1/bookmarks/1",
							"host": [
								"{{baseUrl}}"
							],
							"path": [
								"api",
								"tags",
								"1",
								"bookmarks",
								"1"
							]
						},
						"description": "Remove a tag from a bookmark"
					},
					"response": []
				}
			],
			"description": "Tag management endpoints"
		}
	],
	"event": [
		{
			"listen": "prerequest",
			"script": {
				"type": "text/javascript",
				"exec": [
					""
				]
			}
		},
		{
			"listen": "test",
			"script": {
				"type": "text/javascript",
				"exec": [
					""
				]
			}
		}
	],
	"variable": [
		{
			"key": "baseUrl",
			"value": "http://localhost:5000",
			"type": "string"
		},
		{
			"key": "token",
			"value": "",
			"type": "string"
		}
	]
}
